{
  "train_loss": [
    0.4577769629253433,
    0.3475357389169241,
    0.28228253929647473,
    0.23497322373544174,
    0.19536461671147437
  ],
  "train_acc": [
    0.800447733349916,
    0.8651825135252783,
    0.8999751259250046,
    0.9271811454511535,
    0.9463652757913065
  ],
  "val_loss": [
    0.38336387956622003,
    0.43972622862235566,
    0.3961353792284412,
    0.5440456733150386,
    0.6050006156412606
  ],
  "val_acc": [
    0.8336448598130841,
    0.8418404025880661,
    0.8438533429187635,
    0.8468727534148095,
    0.8494608195542775
  ],
  "val_f1": [
    0.8428629634659786,
    0.8483177054605626,
    0.8570676493814161,
    0.8602545597690592,
    0.8602695849459495
  ]
}